host,run,precision,batch_size,dataset,steps_per_s,target_iterations,hours,dollars,hours_2_attempts,dollars_2_attempts,hours_if_target_is_lightning_global_step,dollars_if_target_is_lightning_global_step
host1,a1_bf16_bs32_w8,bf16-mixed,32,full,1.417,300000,58.8,28.84,117.6,57.68,29.4,14.42
host1,a1_bf16_bs32_w8,bf16-mixed,32,full,1.417,500000,98.0,48.07,196.0,96.13,49.0,24.03
host1,b1_bf16_bs32_w8_cudnnbench,bf16-mixed,32,full,1.295,300000,64.4,31.56,128.7,63.11,32.2,15.78
host1,b1_bf16_bs32_w8_cudnnbench,bf16-mixed,32,full,1.295,500000,107.3,52.6,214.5,105.19,53.6,26.3
host1,c3_fp16_bs32_w8,16-mixed,32,full,1.357,300000,61.4,30.12,122.8,60.23,30.7,15.06
host1,c3_fp16_bs32_w8,16-mixed,32,full,1.357,500000,102.3,50.19,204.7,100.38,51.2,25.1
host1,c4_bf16_bs16_w8,bf16-mixed,16,full,2.576,300000,32.3,15.86,64.7,31.73,16.2,7.93
host1,c4_bf16_bs16_w8,bf16-mixed,16,full,2.576,500000,53.9,26.44,107.8,52.88,27.0,13.22
host1,c5_fp32_bs16_w8,32-true,16,full,2.559,300000,32.6,15.97,65.1,31.94,16.3,7.98
host1,c5_fp32_bs16_w8,32-true,16,full,2.559,500000,54.3,26.62,108.5,53.23,27.1,13.31
host1,d_bf16_bs32_w16,bf16-mixed,32,full,1.405,300000,59.3,29.09,118.6,58.17,29.7,14.54
host1,d_bf16_bs32_w16,bf16-mixed,32,full,1.405,500000,98.9,48.48,197.7,96.96,49.4,24.24
host1,d_bf16_bs32_w2,bf16-mixed,32,full,1.399,300000,59.6,29.21,119.1,58.42,29.8,14.61
host1,d_bf16_bs32_w2,bf16-mixed,32,full,1.399,500000,99.3,48.69,198.6,97.37,49.6,24.34
host1,d_bf16_bs32_w4,bf16-mixed,32,full,1.415,300000,58.9,28.88,117.8,57.76,29.4,14.44
host1,d_bf16_bs32_w4,bf16-mixed,32,full,1.415,500000,98.2,48.14,196.3,96.27,49.1,24.07
host1,d_bf16_bs32_w58,bf16-mixed,32,full,1.418,300000,58.8,28.82,117.5,57.64,29.4,14.41
host1,d_bf16_bs32_w58,bf16-mixed,32,full,1.418,500000,97.9,48.03,195.9,96.07,49.0,24.02
host1,e_bf16_bs32_w8_compile,bf16-mixed,32,full,1.405,300000,59.3,29.09,118.6,58.17,29.7,14.54
host1,e_bf16_bs32_w8_compile,bf16-mixed,32,full,1.405,500000,98.9,48.48,197.7,96.96,49.4,24.24
host1,f0_max12s_fp32_bs32_w8,32-true,32,max12s,1.694,300000,49.2,24.12,98.4,48.25,24.6,12.06
host1,f0_max12s_fp32_bs32_w8,32-true,32,max12s,1.694,500000,82.0,40.21,164.0,80.41,41.0,20.1
host1,f1_max12s_bf16_bs32_w8,bf16-mixed,32,max12s,1.872,300000,44.5,21.83,89.0,43.66,22.3,10.92
host1,f1_max12s_bf16_bs32_w8,bf16-mixed,32,max12s,1.872,500000,74.2,36.38,148.4,72.77,37.1,18.19
host1,f2_max12s_bf16_bs48_w8,bf16-mixed,48,max12s,1.331,300000,62.6,30.7,125.2,61.41,31.3,15.35
host1,f2_max12s_bf16_bs48_w8,bf16-mixed,48,max12s,1.331,500000,104.3,51.17,208.7,102.35,52.2,25.59
host1,g1_bf16_bs32_w8_omp4,bf16-mixed,32,full,1.401,300000,59.5,29.17,119.0,58.34,29.7,14.58
host1,g1_bf16_bs32_w8_omp4,bf16-mixed,32,full,1.401,500000,99.1,48.62,198.3,97.23,49.6,24.31
host2,h2_bf16_bs16_w8,bf16-mixed,16,full,4.465,300000,18.7,12.06,37.3,24.12,9.3,6.03
host2,h2_bf16_bs16_w8,bf16-mixed,16,full,4.465,500000,31.1,20.1,62.2,40.21,15.6,10.05
host2,h2_bf16_bs32_w8,bf16-mixed,32,full,2.002,300000,41.6,26.9,83.3,53.8,20.8,13.45
host2,h2_bf16_bs32_w8,bf16-mixed,32,full,2.002,500000,69.4,44.84,138.8,89.67,34.7,22.42
host2,h2_bf16_bs32_w8_compile,bf16-mixed,32,full,1.956,300000,42.6,27.53,85.2,55.07,21.3,13.77
host2,h2_bf16_bs32_w8_compile,bf16-mixed,32,full,1.956,500000,71.0,45.89,142.0,91.78,35.5,22.95
host2,h2_fp32_bs16_w8,32-true,16,full,3.818,300000,21.8,14.11,43.7,28.21,10.9,7.05
host2,h2_fp32_bs16_w8,32-true,16,full,3.818,500000,36.4,23.51,72.8,47.02,18.2,11.76
host2,h2_max12s_bf16_bs48_w8,bf16-mixed,48,max12s,1.836,300000,45.4,29.33,90.8,58.67,22.7,14.67
host2,h2_max12s_bf16_bs48_w8,bf16-mixed,48,max12s,1.836,500000,75.6,48.89,151.3,97.78,37.8,24.45
