host,status,run,precision,batch_size,num_workers,flags,steady_seconds,steady_steps,steps_per_s,utts_per_s,audio_sec_per_s,mean_step_compute_s,mean_data_wait_s,data_wait_frac,p90_data_wait_s,gpu_util_mean,gpu_util_p10,gpu_util_p50,gpu_util_p90,gpu_power_mean_w,gpu_mem_used_max_mib,torch_max_alloc_gb,torch_max_reserved_gb,container_cores_used_mean,main_proc_cpu_pct_mean,workers_cpu_pct_mean,sys_mem_used_gb_max,train_tree_rss_gb_max,nonfinite_loss_steps,loss_g_first,loss_g_last_100_mean,mel_last_100_mean,dataset,profiled_run_not_representative
host1,ok,a1_bf16_bs32_w8,bf16-mixed,32,8,,625.2,886,1.417,45.4,349.5,0.6269,0.0787,0.1115,0.0799,54.5,7.0,55.0,100.0,195.1,22598.0,21.69,23.17,4.53,402.6,49.5,78.82,14.51,0,112.1011,37.437,0.4575,full,False
host1,failed: OOM,a2_bf16_bs64_w8,,,,,,,,,,,,,,,,,,,,,,,,,,,,,,,,
host1,ok,b1_bf16_bs32_w8_cudnnbench,bf16-mixed,32,8,--cudnn-benchmark,325.8,422,1.295,41.5,319.1,0.6893,0.0827,0.1072,0.0899,54.8,7.0,56.0,100.0,188.3,24016.0,21.7,24.69,4.33,383.6,48.7,81.1,13.09,0,112.121,38.763,0.4768,full,False
host1,failed: OOM,c1_bf16_bs48_w8,,,,,,,,,,,,,,,,,,,,,,,,,,,,,,,,
host1,failed: OOM,c2_fp32_bs32_w8,,,,,,,,,,,,,,,,,,,,,,,,,,,,,,,,
host1,ok,c3_fp16_bs32_w8,16-mixed,32,8,,626.4,850,1.357,43.4,334.6,0.6548,0.0821,0.1114,0.0899,51.5,7.0,53.0,96.0,191.1,22580.0,21.71,23.15,4.51,401.9,48.2,81.96,12.99,0,115.4983,37.265,0.4574,full,False
host1,ok,c4_bf16_bs16_w8,bf16-mixed,16,8,,627.3,1616,2.576,41.2,317.5,0.3522,0.0359,0.0926,0.042,44.5,22.0,40.0,71.0,174.6,12598.0,11.88,12.68,6.05,567.7,36.9,74.72,12.51,0,110.6366,37.069,0.4553,full,False
host1,ok,c5_fp32_bs16_w8,32-true,16,8,,627.3,1605,2.559,40.9,315.3,0.3564,0.0345,0.0882,0.0402,54.4,26.0,51.0,90.0,202.2,13766.0,13.43,13.92,5.85,548.8,34.7,74.28,11.85,0,114.7415,36.747,0.453,full,False
host1,ok,c6_bf16_bs32_w8_profile,bf16-mixed,32,8,--profile-at,206.6,159,0.77,24.6,190.0,0.6354,0.6637,0.5109,0.0813,30.5,0.0,4.0,94.0,125.7,22302.0,21.68,22.85,2.94,268.5,24.6,78.37,17.51,0,112.1011,40.879,0.5029,full,True
host1,ok,d_bf16_bs32_w16,bf16-mixed,32,16,,326.7,459,1.405,45.0,346.4,0.6303,0.0815,0.1145,0.0744,56.0,8.0,57.0,100.0,194.4,22626.0,21.7,23.2,4.76,409.0,66.0,77.23,21.97,0,112.1011,38.442,0.4722,full,False
host1,ok,d_bf16_bs32_w2,bf16-mixed,32,2,,326.7,457,1.399,44.8,344.9,0.6388,0.076,0.1063,0.0792,55.7,7.0,56.0,100.0,194.4,22610.0,21.69,23.18,4.29,388.2,40.3,75.48,5.15,0,112.1011,38.33,0.4726,full,False
host1,ok,d_bf16_bs32_w4,bf16-mixed,32,4,,326.4,462,1.415,45.3,348.9,0.6287,0.0779,0.1102,0.0849,55.8,8.0,57.0,100.0,195.0,22622.0,21.69,23.19,4.56,412.0,43.2,74.79,7.73,0,112.1011,38.366,0.4729,full,False
host1,ok,d_bf16_bs32_w58,bf16-mixed,32,58,,326.5,463,1.418,45.4,349.6,0.6237,0.0815,0.1155,0.0837,53.1,6.0,55.0,100.0,194.1,22604.0,21.68,23.18,4.77,414.4,61.8,81.6,70.09,0,112.1011,38.595,0.4736,full,False
host1,ok,e_bf16_bs32_w8_compile,bf16-mixed,32,8,--compile,573.0,805,1.405,45.0,346.4,0.6344,0.0774,0.1087,0.0806,56.7,7.0,63.0,100.0,196.0,21708.0,21.3,22.23,4.65,414.6,49.4,78.06,27.59,0,112.1425,37.291,0.4588,full,False
host1,ok,f0_max12s_fp32_bs32_w8,32-true,32,8,,507.8,860,1.694,54.2,386.1,0.5257,0.0648,0.1097,0.059,61.4,16.0,65.0,99.0,221.4,20752.0,16.72,21.24,4.71,421.4,49.3,75.48,12.54,0,118.5972,37.147,0.456,max12s,False
host1,ok,f1_max12s_bf16_bs32_w8,bf16-mixed,32,8,,506.5,948,1.872,59.9,426.8,0.474,0.0603,0.1129,0.0579,52.3,16.0,52.0,92.0,196.1,15394.0,14.09,15.62,4.94,448.2,45.6,75.53,12.27,0,114.981,37.033,0.4554,max12s,False
host1,ok,f2_max12s_bf16_bs48_w8,bf16-mixed,48,8,,507.1,675,1.331,63.9,455.1,0.6459,0.1053,0.1402,0.0889,58.2,10.0,63.0,100.0,208.5,22592.0,20.13,23.16,4.39,383.2,55.6,75.25,12.79,0,113.8723,37.083,0.4557,max12s,False
host1,failed: OOM,f3_max12s_bf16_bs64_w12,,,,,,,,,,,,,,,,,,,,,,,,,,,,,,,,
host1,ok,g1_bf16_bs32_w8_omp4,bf16-mixed,32,8,,506.2,709,1.401,44.8,345.4,0.637,0.0769,0.1078,0.0792,55.2,7.0,57.0,100.0,193.5,22582.0,21.7,23.15,1.62,113.6,47.6,75.47,13.15,0,112.1011,37.623,0.4648,full,False
host2,ok,h2_bf16_bs16_w8,bf16-mixed,16,8,,628.8,2808,4.465,71.4,549.8,0.2097,0.0143,0.0638,0.0152,76.1,54.0,81.0,93.0,235.2,12621.0,11.87,12.69,1.76,138.6,37.2,11.02,12.41,0,111.2677,36.1,0.4415,full,False
host2,ok,h2_bf16_bs32_w8,bf16-mixed,32,8,,628.0,1257,2.002,64.0,493.0,0.4653,0.0344,0.0688,0.03,76.0,36.0,82.0,100.0,237.0,22605.0,21.7,23.16,1.69,124.7,44.3,12.76,14.68,0,111.4649,36.488,0.447,full,False
host2,ok,h2_bf16_bs32_w8_compile,bf16-mixed,32,8,--compile,601.7,1177,1.956,62.6,482.1,0.4769,0.0343,0.0671,0.0303,77.4,39.0,88.0,100.0,237.2,21725.0,21.3,22.24,1.68,124.5,43.6,15.1,28.37,0,111.461,36.771,0.4498,full,False
host2,ok,h2_fp32_bs16_w8,32-true,16,8,,628.9,2401,3.818,61.1,470.3,0.2476,0.0143,0.0547,0.0151,79.6,59.0,84.0,97.0,258.5,13937.0,13.43,14.08,1.65,132.8,31.5,10.32,12.22,0,115.3491,36.071,0.443,full,False
host2,ok,h2_max12s_bf16_bs48_w8,bf16-mixed,48,8,,508.3,933,1.836,88.1,627.2,0.4986,0.0462,0.0848,0.0298,78.0,41.0,87.0,100.0,254.9,22907.0,20.78,23.48,1.66,119.4,46.3,11.17,13.52,0,116.4276,36.394,0.4462,max12s,False
