mms-az	mms:az:/home/david/AndroidStudioProjects/bucket/tts/1/az/az_AZ/north_latin/medium/model.mnn|/home/david/AndroidStudioProjects/bucket/tts/1/az/az_AZ/north_latin/medium/tokens.txt
mms-bn	mms:bn:/home/david/AndroidStudioProjects/bucket/tts/1/bn/bn_IN/standard/medium/model.mnn|/home/david/AndroidStudioProjects/bucket/tts/1/bn/bn_IN/standard/medium/tokens.txt
mms-gu	mms:gu:/home/david/AndroidStudioProjects/bucket/tts/1/gu/gu_IN/standard/medium/model.mnn|/home/david/AndroidStudioProjects/bucket/tts/1/gu/gu_IN/standard/medium/tokens.txt
mms-he	mms:he:/home/david/AndroidStudioProjects/bucket/tts/1/he/he_IL/standard/medium/model.mnn|/home/david/AndroidStudioProjects/bucket/tts/1/he/he_IL/standard/medium/tokens.txt
mms-kn	mms:kn:/home/david/AndroidStudioProjects/bucket/tts/1/kn/kn_IN/standard/medium/model.mnn|/home/david/AndroidStudioProjects/bucket/tts/1/kn/kn_IN/standard/medium/tokens.txt
mms-mr	mms:mr:/home/david/AndroidStudioProjects/bucket/tts/1/mr/mr_IN/standard/medium/model.mnn|/home/david/AndroidStudioProjects/bucket/tts/1/mr/mr_IN/standard/medium/tokens.txt
mms-ms	mms:ms:/home/david/AndroidStudioProjects/bucket/tts/1/ms/ms_MY/standard/medium/model.mnn|/home/david/AndroidStudioProjects/bucket/tts/1/ms/ms_MY/standard/medium/tokens.txt
mms-ta	mms:ta:/home/david/AndroidStudioProjects/bucket/tts/1/ta/ta_IN/standard/medium/model.mnn|/home/david/AndroidStudioProjects/bucket/tts/1/ta/ta_IN/standard/medium/tokens.txt
mms-ug	mms:ug:/home/david/AndroidStudioProjects/bucket/tts/1/ug/ug_CN/standard/medium/model.mnn|/home/david/AndroidStudioProjects/bucket/tts/1/ug/ug_CN/standard/medium/tokens.txt
coqui-bs	coqui:bs:/home/david/AndroidStudioProjects/bucket/tts/1/bs/bs_BA/cv/medium/model.mnn|/home/david/AndroidStudioProjects/bucket/tts/1/bs/bs_BA/cv/medium/config.json
coqui-hr	coqui:hr:/home/david/AndroidStudioProjects/bucket/tts/1/hr/hr_HR/cv/medium/model.mnn|/home/david/AndroidStudioProjects/bucket/tts/1/hr/hr_HR/cv/medium/config.json
coqui-et	coqui:et:/home/david/AndroidStudioProjects/bucket/tts/1/et/et_EE/cv/medium/model.mnn|/home/david/AndroidStudioProjects/bucket/tts/1/et/et_EE/cv/medium/config.json
coqui-lt	coqui:lt:/home/david/AndroidStudioProjects/bucket/tts/1/lt/lt_LT/cv/medium/model.mnn|/home/david/AndroidStudioProjects/bucket/tts/1/lt/lt_LT/cv/medium/config.json
glowtts-be	glowtts:be:/home/david/AndroidStudioProjects/bucket/tts/1/be/be_BY/alex73/medium/glowtts.mnn|/home/david/AndroidStudioProjects/bucket/tts/1/be/be_BY/alex73/medium/hifigan.mnn|/home/david/AndroidStudioProjects/bucket/tts/1/be/be_BY/alex73/medium/be_lexicon.bin
mimic3-ko	mimic3:ko:/home/david/AndroidStudioProjects/bucket/tts/1/ko/ko_KO/kss/low/ko_KO-kss_low.onnx.json
kokoro-jf_alpha	kokoro_ja:ja:/home/david/AndroidStudioProjects/bucket/dictionaries/extra/mucab.bin
kokoro-jf_gongitsune	kokoro_ja:ja:/home/david/AndroidStudioProjects/bucket/dictionaries/extra/mucab.bin
kokoro-jf_nezumi	kokoro_ja:ja:/home/david/AndroidStudioProjects/bucket/dictionaries/extra/mucab.bin
kokoro-jf_tebukuro	kokoro_ja:ja:/home/david/AndroidStudioProjects/bucket/dictionaries/extra/mucab.bin
kokoro-jm_kumo	kokoro_ja:ja:/home/david/AndroidStudioProjects/bucket/dictionaries/extra/mucab.bin
